2014.06.30,00:00,93.159,94.194,93.028,93.460,2799
2014.07.01,00:00,93.973,94.546,93.611,93.993,4787
2014.07.02,00:00,94.344,94.515,93.540,93.902,4476
2014.07.03,00:00,94.113,94.545,93.661,94.495,3454
2014.07.07,00:00,94.936,96.423,94.936,96.403,4638
2014.07.08,00:00,96.790,97.242,94.358,95.795,7421
2014.07.09,00:00,95.905,96.388,95.202,95.835,6276
2014.07.10,00:00,94.017,95.986,93.956,95.473,5562
2014.07.11,00:00,95.725,96.327,95.303,95.644,4852
2014.07.14,00:00,96.145,97.300,96.064,96.868,4046
2014.07.15,00:00,97.240,97.260,95.432,95.723,5384
2014.07.16,00:00,97.450,97.450,95.140,95.150,4791
2014.07.17,00:00,95.416,95.667,92.956,93.458,7639
2014.07.18,00:00,93.935,95.119,93.402,94.828,5756
2014.07.21,00:00,94.642,94.863,94.090,94.301,4238
2014.07.22,00:00,95.028,95.249,94.486,95.038,4560
2014.07.23,00:00,95.640,98.251,95.540,97.588,7359
2014.07.24,00:00,97.507,97.658,96.784,97.346,5039
2014.07.25,00:00,97.190,98.194,97.010,98.034,6303
2014.07.28,00:00,98.258,99.573,97.897,99.362,5950
2014.07.29,00:00,99.573,99.753,98.599,98.750,5110
2014.07.30,00:00,98.795,99.035,98.012,98.473,5714
2014.07.31,00:00,97.334,97.766,95.648,95.919,9117
2014.08.01,00:00,95.357,96.943,95.136,96.461,8075
2014.08.04,00:00,96.610,96.871,95.477,95.888,7428
2014.08.05,00:00,95.732,95.973,94.679,95.431,8515
2014.08.06,00:00,95.100,95.772,95.009,95.240,7145
2014.08.07,00:00,95.200,96.223,94.388,94.709,7895
2014.08.08,00:00,94.628,95.090,93.585,95.019,7206
2014.08.11,00:00,95.515,96.337,95.093,96.217,4256
2014.08.12,00:00,96.462,97.134,95.870,96.251,5142
2014.08.13,00:00,96.447,97.469,96.286,97.459,3591
2014.08.14,00:00,97.644,97.785,97.043,97.696,5540
2014.08.15,00:00,98.081,98.382,97.049,98.171,13185
2014.08.18,00:00,98.586,99.548,98.155,99.337,9553
2014.08.19,00:00,99.592,100.845,99.492,100.724,10248
2014.08.20,00:00,100.629,101.260,100.118,100.739,9557
2014.08.21,00:00,100.723,101.104,100.282,100.753,7290
2014.08.22,00:00,100.417,101.629,100.347,101.479,11667
2014.08.25,00:00,101.923,102.313,101.432,101.692,7156
2014.08.26,00:00,101.597,101.647,101.016,101.036,8861
2014.08.27,00:00,101.090,102.702,100.830,102.262,11957
2014.08.28,00:00,101.876,102.907,101.846,102.386,16908
2014.08.29,00:00,102.961,103.021,102.321,102.631,7552
2014.09.02,00:00,103.149,103.839,102.828,103.399,14468
2014.09.03,00:00,103.193,103.193,98.689,99.029,39753
2014.09.04,00:00,99.043,100.165,97.882,98.203,27423
2014.09.05,00:00,98.758,99.468,98.387,99.028,18862
2014.09.08,00:00,99.171,99.241,98.070,98.370,13085
2014.09.29,00:00,99.860,100.430,99.530,99.980,12743
2014.09.30,00:00,101.060,101.530,100.460,100.620,19355
2014.10.01,00:00,100.420,100.800,98.700,99.210,22703
2014.10.02,00:00,99.690,100.210,98.040,99.070,30043
2014.10.03,00:00,99.530,100.190,99.040,99.600,12423
2014.10.06,00:00,100.170,100.640,99.130,99.270,22199
2014.10.07,00:00,99.790,100.110,98.670,98.770,21834
2014.10.08,00:00,98.980,101.070,98.290,100.700,24695
2014.10.09,00:00,100.780,102.340,100.480,100.490,40311
2014.10.10,00:00,100.230,101.990,100.230,100.710,40464
2014.10.13,00:00,101.370,101.740,99.650,99.810,43049
2014.10.14,00:00,100.470,100.510,98.550,99.080,38264
2014.10.15,00:00,99.210,99.210,95.160,96.940,61987
2014.10.16,00:00,95.600,97.690,95.280,96.080,37507
2014.10.17,00:00,97.340,98.970,96.790,97.630,19686
2014.10.20,00:00,98.280,101.520,97.990,100.820,17395
2014.10.21,00:00,102.190,103.110,101.230,102.520,18243
2014.10.22,00:00,102.600,104.070,102.390,102.980,15852
2014.10.23,00:00,103.820,105.020,103.600,104.880,13361
2014.10.24,00:00,105.170,105.440,104.490,105.180,11339
2014.10.27,00:00,104.880,105.440,104.570,105.060,12263
2014.10.28,00:00,105.320,106.710,105.280,106.670,9230
2014.10.29,00:00,106.640,107.330,106.330,107.140,13425
2014.10.30,00:00,106.900,107.310,105.870,106.820,13718
2014.10.31,00:00,107.830,108.090,107.180,107.930,8639
2014.11.03,00:00,108.040,109.860,107.980,109.310,11036
2014.11.04,00:00,109.110,109.470,107.690,108.440,9225
2014.11.05,00:00,109.040,109.230,108.090,108.780,10326
2014.11.06,00:00,108.340,108.710,107.760,108.600,8581
2014.11.07,00:00,108.570,109.280,108.450,108.960,8632
2014.11.10,00:00,109.140,109.290,108.640,108.780,6756
2014.11.11,00:00,108.720,109.750,108.370,109.680,7399
2014.11.12,00:00,109.360,111.390,109.320,111.280,8519
2014.11.13,00:00,111.370,113.410,111.320,112.770,16641
2014.11.14,00:00,112.820,114.230,112.770,114.230,8686
2014.11.17,00:00,114.500,115.040,113.260,113.780,14061
2014.11.18,00:00,113.960,115.650,113.780,115.370,8677
2014.11.19,00:00,115.380,115.690,113.770,114.730,15093
2014.11.20,00:00,114.840,116.820,114.770,116.320,12410
2014.11.21,00:00,117.080,117.650,116.000,116.310,17058
2014.11.24,00:00,116.810,118.730,116.590,118.490,10382
2014.11.25,00:00,118.940,119.710,117.420,117.690,19754
2014.11.26,00:00,118.020,119.060,117.800,118.970,10750
2014.11.28,00:00,119.340,119.360,118.020,118.910,8099
2014.12.01,00:00,118.570,119.210,111.220,114.950,28673
2014.12.02,00:00,114.240,115.710,112.710,114.640,20061
2014.12.03,00:00,114.330,116.310,114.190,115.820,17505
2014.12.04,00:00,116.030,117.160,115.200,115.370,14302
2014.12.05,00:00,115.680,116.130,114.610,114.940,12194
2014.12.08,00:00,114.410,114.590,111.590,112.380,19321
2014.12.09,00:00,110.820,114.260,109.310,114.050,24180
2014.12.10,00:00,114.290,114.820,111.530,111.910,24635
2014.12.11,00:00,112.350,113.780,111.150,111.150,19432
2014.12.12,00:00,110.700,111.840,109.580,109.720,26945
2014.12.15,00:00,110.690,111.590,106.370,108.050,38773
2014.12.16,00:00,107.000,110.140,106.270,106.650,34352
2014.12.17,00:00,107.370,109.830,106.810,109.420,32246
2014.12.18,00:00,111.250,112.640,110.660,112.500,20115
2014.12.19,00:00,113.030,113.230,111.600,111.780,18610
2014.12.22,00:00,112.080,113.480,111.950,112.750,12430
2014.12.23,00:00,113.070,113.310,112.460,112.500,10829
2014.12.24,00:00,112.660,112.760,112.010,112.140,4486
2014.12.26,00:00,112.030,114.510,112.010,114.010,8305
2014.12.29,00:00,113.750,114.760,113.660,113.940,9861
2014.12.30,00:00,113.730,113.910,112.110,112.430,12270
2014.12.31,00:00,112.860,113.100,111.170,111.280,7842
2015.01.02,00:00,111.110,111.500,107.350,109.040,22654
2015.01.05,00:00,108.970,108.970,105.400,106.550,24923
2015.01.06,00:00,106.560,107.400,104.630,106.190,32243
2015.01.07,00:00,107.220,108.180,106.690,107.840,25146
2015.01.08,00:00,108.930,112.140,108.710,112.000,19665
2015.01.09,00:00,111.890,113.240,110.210,111.980,27204
2015.01.12,00:00,112.200,112.550,108.800,109.350,24807
2015.01.13,00:00,110.430,112.790,108.900,110.350,28652
2015.01.14,00:00,109.540,110.480,108.510,109.930,33747
2015.01.15,00:00,109.549,110.309,106.659,106.819,33397
2015.01.16,00:00,106.599,107.569,105.199,105.999,24712
2015.01.20,00:00,107.399,109.099,106.499,109.009,25027
2015.01.21,00:00,109.279,111.039,108.279,109.499,24045
2015.01.22,00:00,109.889,112.449,109.719,112.329,24122
2015.01.23,00:00,112.669,113.739,111.519,112.759,19870
2015.01.26,00:00,113.719,114.349,112.799,113.259,17907
2015.01.27,00:00,112.369,116.329,109.029,114.589,31130
2015.01.28,00:00,117.749,118.319,115.209,115.329,37728
2015.01.29,00:00,116.229,119.179,115.559,118.949,26669
2015.01.30,00:00,118.309,119.989,116.839,117.209,31922
2015.02.02,00:00,117.669,118.639,116.079,118.559,33256
2015.02.03,00:00,118.709,119.079,117.599,118.329,24364
2015.02.04,00:00,118.219,120.489,117.949,119.339,23762
2015.02.05,00:00,119.759,120.229,119.249,119.699,16780
2015.02.06,00:00,119.679,120.239,118.449,118.899,20409
2015.02.09,00:00,118.689,119.829,118.379,119.769,19951
2015.02.10,00:00,120.399,122.179,120.139,122.129,17045
2015.02.11,00:00,122.509,125.229,122.329,125.129,22238
2015.02.12,00:00,125.959,127.469,125.559,126.349,25062
2015.02.13,00:00,126.899,127.239,125.639,126.999,17955
2015.02.17,00:00,128.139,128.869,126.929,127.709,19558
2015.02.18,00:00,127.499,128.769,127.339,128.549,16284
2015.02.19,00:00,128.439,129.009,128.299,128.459,11829
2015.02.20,00:00,128.589,129.489,128.049,129.429,15722
2015.02.23,00:00,129.709,133.009,129.599,132.969,18026
2015.02.24,00:00,132.519,133.589,131.159,131.959,22098
2015.02.25,00:00,131.859,131.899,128.149,128.619,20316
2015.02.26,00:00,129.439,130.859,126.609,130.389,28529
2015.02.27,00:00,130.029,130.559,128.239,128.399,18937
2015.03.02,00:00,129.009,130.259,128.299,128.999,18637
2015.03.03,00:00,128.819,129.509,128.089,129.249,18634
2015.03.04,00:00,128.949,129.539,128.319,128.449,15635
2015.03.05,00:00,128.849,128.859,125.759,126.299,20382
2015.03.06,00:00,127.099,129.419,126.259,126.859,29349
2015.03.09,00:00,127.649,129.549,125.059,127.299,31251
2015.03.10,00:00,126.299,127.199,123.799,124.609,29908
2015.03.11,00:00,125.059,125.199,122.099,122.409,27661
2015.03.12,00:00,122.429,124.889,121.629,124.529,22614
2015.03.13,00:00,124.219,125.389,122.579,123.559,27872
2015.03.16,00:00,123.599,124.939,122.869,124.649,16394
2015.03.17,00:00,125.149,127.309,125.149,127.099,17524
2015.03.18,00:00,126.899,129.149,126.369,128.559,23959
2015.03.19,00:00,128.699,129.229,127.299,127.299,17359
2015.03.20,00:00,128.039,128.319,125.899,126.499,14207
2015.03.23,00:00,126.849,127.839,126.509,127.089,13525
2015.03.24,00:00,127.299,128.019,126.559,126.699,15150
2015.03.25,00:00,126.259,126.809,123.379,123.849,26159
2015.03.26,00:00,122.299,124.859,122.219,124.289,29444
2015.03.27,00:00,124.559,124.669,122.909,123.159,19853
2015.03.30,00:00,124.029,126.389,123.999,126.279,15751
2015.03.31,00:00,125.839,126.469,124.299,124.449,17380
2015.04.01,00:00,124.359,125.109,123.109,124.349,27082
2015.04.02,00:00,124.819,125.549,124.189,125.319,15489
2015.04.06,00:00,124.329,127.489,124.329,127.349,14984
2015.04.07,00:00,128.049,128.109,125.789,125.809,15902
2015.04.08,00:00,125.659,126.379,124.989,125.709,21218
2015.04.09,00:00,126.069,126.839,124.649,126.799,18893
2015.04.10,00:00,125.949,127.199,125.259,127.049,14653
2015.04.13,00:00,127.749,128.539,126.629,126.819,17515
2015.04.14,00:00,127.069,127.249,125.909,126.299,17146
2015.04.15,00:00,126.509,127.119,126.009,126.859,15566
2015.04.16,00:00,126.569,127.079,126.089,126.189,14721
2015.04.17,00:00,126.029,126.129,124.459,124.769,22777
2015.04.20,00:00,125.329,128.109,125.179,127.499,16763
2015.04.21,00:00,128.029,128.189,126.659,126.809,15320
2015.04.22,00:00,126.619,128.859,126.319,128.229,17247
2015.04.23,00:00,128.949,130.409,128.679,129.999,14926
2015.04.24,00:00,130.399,130.619,129.229,130.339,15709
2015.04.27,00:00,132.389,135.929,129.949,134.599,24445
2015.04.28,00:00,134.669,134.709,129.569,130.249,32929
2015.04.29,00:00,130.809,131.579,127.209,127.649,26639
2015.04.30,00:00,127.949,128.089,124.589,124.999,29696
2015.05.01,00:00,125.819,129.019,125.299,128.979,18252
2015.05.04,00:00,129.629,130.549,128.249,128.699,19154
2015.05.05,00:00,128.279,128.419,125.769,125.869,22696
2015.05.06,00:00,126.659,126.909,123.359,125.109,28094
2015.05.07,00:00,124.619,126.069,124.009,125.229,20973
2015.05.08,00:00,125.749,127.589,125.509,127.409,17251
2015.05.11,00:00,127.319,127.519,125.619,126.239,16470
2015.05.12,00:00,125.569,126.869,124.809,125.809,20087
2015.05.13,00:00,126.159,127.179,125.869,125.989,18152
2015.05.14,00:00,127.009,128.939,126.939,128.799,11489
2015.05.15,00:00,128.859,129.479,128.219,128.749,13657
2015.05.18,00:00,128.239,130.709,128.239,130.149,15220
2015.05.19,00:00,130.649,130.859,129.639,130.079,15540
2015.05.20,00:00,130.129,130.969,129.339,130.059,14324
2015.05.21,00:00,129.899,131.619,129.829,131.389,12379
2015.05.22,00:00,131.879,132.959,131.369,132.669,51844
2015.05.26,00:00,132.799,132.889,129.089,129.699,64622
2015.05.27,00:00,130.039,132.249,129.919,131.929,57489
2015.05.28,00:00,131.319,131.939,131.079,131.889,54380
2015.05.29,00:00,131.389,131.599,129.879,130.519,56955
2015.06.01,00:00,130.949,131.339,130.019,130.459,54424
2015.06.02,00:00,130.079,130.649,129.309,129.999,57966
2015.06.03,00:00,130.649,130.929,129.869,130.179,55864
2015.06.04,00:00,129.469,130.569,128.889,129.399,63051
2015.06.05,00:00,129.379,129.709,128.329,128.659,59762
2015.06.08,00:00,128.959,129.199,126.809,127.799,61955
2015.06.09,00:00,127.419,128.069,125.589,127.399,64163
2015.06.10,00:00,127.809,129.329,127.729,128.909,55374
2015.06.11,00:00,129.149,130.149,128.459,128.599,52278
2015.06.12,00:00,128.349,128.369,127.069,127.179,51102
2015.06.15,00:00,126.299,127.219,125.679,126.939,56961
2015.06.16,00:00,126.549,127.839,126.339,127.559,49522
2015.06.17,00:00,127.569,127.869,126.719,126.979,57265
2015.06.18,00:00,127.279,128.299,127.039,127.829,54252
2015.06.19,00:00,128.059,128.069,126.329,126.609,55968
2015.06.22,00:00,127.259,128.049,127.049,127.509,49247
2015.06.23,00:00,127.539,127.589,126.849,127.019,47398
2015.06.24,00:00,127.069,129.789,126.879,128.309,56876
2015.06.25,00:00,128.769,129.169,127.469,127.499,52418
2015.06.26,00:00,127.459,127.979,126.479,126.859,52979
2015.06.29,00:00,125.299,126.449,124.449,124.689,62341
2015.06.30,00:00,125.529,126.109,124.829,125.339,65284
2015.07.01,00:00,126.749,126.929,125.959,126.469,55758
2015.07.02,00:00,126.509,126.789,125.739,126.309,47749
2015.07.06,00:00,125.429,126.209,124.799,126.099,57820
2015.07.07,00:00,125.809,126.189,123.749,124.989,68883
2015.07.08,00:00,124.859,124.869,122.469,122.579,68803
2015.07.09,00:00,123.799,124.039,119.219,120.169,68896
2015.07.10,00:00,121.549,123.839,121.179,123.099,61107
2015.07.13,00:00,124.899,125.779,124.289,125.519,48948
2015.07.14,00:00,125.749,126.359,125.009,125.619,52492
2015.07.15,00:00,125.879,127.139,125.549,126.999,55824
2015.07.16,00:00,127.729,128.759,127.319,128.699,55416
2015.07.17,00:00,129.129,129.649,128.279,129.599,54247
2015.07.20,00:00,132.029,132.169,131.899,132.039,630
2015.07.21,00:00,132.929,133.019,119.149,121.579,65201
2015.07.22,00:00,121.729,125.739,121.079,125.629,72555
2015.07.23,00:00,125.799,127.059,125.019,125.339,64805
2015.07.24,00:00,125.339,125.729,123.869,124.599,63540
2015.07.27,00:00,123.079,123.599,122.099,122.909,62728
2015.07.28,00:00,123.579,123.899,122.529,123.329,59571
2015.07.29,00:00,123.089,123.469,122.229,122.489,59620
2015.07.30,00:00,122.499,122.849,121.679,122.839,58701
2015.07.31,00:00,122.139,122.679,120.909,121.459,55660
2015.08.03,00:00,121.419,122.539,117.499,118.379,62459
2015.08.04,00:00,117.579,117.849,113.219,114.239,68298
2015.08.05,00:00,113.849,117.429,112.089,115.229,67268
2015.08.06,00:00,115.699,116.479,114.079,114.969,59726
2015.08.07,00:00,114.909,116.239,114.469,115.499,51285
2015.08.10,00:00,116.349,119.969,116.309,119.529,52132
2015.08.11,00:00,117.839,118.179,113.319,113.649,70265
2015.08.12,00:00,112.029,115.659,109.649,115.519,75937
2015.08.13,00:00,115.729,116.359,114.509,115.029,61923
2015.08.14,00:00,114.379,116.299,114.009,115.969,52730
2015.08.17,00:00,116.129,117.639,115.469,117.199,54459
2015.08.18,00:00,116.479,117.419,115.999,116.499,51771
2015.08.19,00:00,116.509,116.529,114.649,114.869,65348
2015.08.20,00:00,114.119,114.379,111.609,112.399,67605
2015.08.21,00:00,110.969,111.869,105.619,106.189,82007
2015.08.24,00:00,99.339,108.749,91.999,103.749,84349
2015.08.25,00:00,108.449,111.079,102.969,103.339,82121
2015.08.26,00:00,106.159,109.879,105.019,109.809,88121
2015.08.27,00:00,111.679,113.229,109.999,112.669,81543
2015.08.28,00:00,111.919,113.430,111.519,113.079,74589
2015.08.31,00:00,112.400,114.519,111.829,112.540,73809
2015.09.01,00:00,110.219,111.829,107.340,107.879,80767
2015.09.02,00:00,109.469,112.310,109.109,112.079,75496
2015.09.03,00:00,112.590,113.099,110.010,110.340,75180
2015.09.04,00:00,109.340,110.439,108.489,109.029,74301
2015.09.08,00:00,111.329,112.549,110.290,112.349,65149
2015.09.09,00:00,113.450,113.989,109.749,110.150,75725
2015.09.10,00:00,110.029,113.269,109.599,112.409,74873
2015.09.11,00:00,112.260,114.189,111.659,114.069,63917
2015.09.14,00:00,115.599,117.249,114.849,115.209,65034
2015.09.15,00:00,115.619,116.519,114.409,116.359,59153
2015.09.16,00:00,116.039,116.519,115.439,116.319,56681
2015.09.17,00:00,115.699,116.479,113.689,113.949,63866
2015.09.18,00:00,112.809,114.289,111.799,113.399,68243
2015.09.21,00:00,114.079,115.449,113.559,115.309,65181
2015.09.22,00:00,113.909,114.159,112.489,113.399,67077
2015.09.23,00:00,114.099,114.709,113.259,114.159,60478
2015.09.24,00:00,113.309,115.489,112.339,115.029,69969
2015.09.25,00:00,116.249,116.679,113.989,114.649,69195
2015.09.28,00:00,114.059,115.109,112.199,112.559,75788
2015.09.29,00:00,113.159,113.499,107.829,108.979,77220
2015.09.30,00:00,110.399,111.519,108.699,109.619,71341
2015.10.01,00:00,108.679,109.609,107.279,109.559,73238
2015.10.02,00:00,110.029,111.009,107.509,110.279,74158
2015.10.05,00:00,109.919,111.359,109.039,110.339,62628
2015.10.06,00:00,110.429,111.729,109.729,110.489,65837
2015.10.07,00:00,112.059,112.109,109.379,110.699,67695
2015.10.08,00:00,110.549,110.549,108.189,109.399,65526
2015.10.09,00:00,109.969,112.269,109.479,112.009,61802
2015.10.12,00:00,112.609,112.739,111.329,111.619,47440
2015.10.13,00:00,111.059,112.439,110.659,111.699,54910
2015.10.14,00:00,111.129,111.499,109.529,110.149,65575
2015.10.15,00:00,110.899,112.089,110.469,111.789,60376
2015.10.16,00:00,111.509,111.909,110.499,110.999,53856
2015.10.19,00:00,111.059,111.729,110.079,111.609,53239
2015.10.20,00:00,112.099,114.159,110.689,113.399,59210
2015.10.21,00:00,113.629,115.569,113.549,113.649,59909
2015.10.22,00:00,114.119,116.139,113.989,115.919,59812
2015.10.23,00:00,116.979,119.219,116.319,118.999,62098
2015.10.26,00:00,118.049,118.179,114.889,115.239,58553
2015.10.27,00:00,115.689,118.279,110.869,116.559,60337
2015.10.28,00:00,116.269,119.349,116.039,119.049,63523
2015.10.29,00:00,118.389,120.719,118.259,120.669,55115
2015.10.30,00:00,121.099,121.309,118.999,119.209,53701
2015.11.02,00:00,119.799,121.349,119.579,120.999,44503
2015.11.03,00:00,120.589,123.479,120.469,122.399,50494
2015.11.04,00:00,123.249,123.779,121.579,121.949,56358
2015.11.05,00:00,121.819,122.679,120.159,121.249,55771
2015.11.06,00:00,121.009,121.789,119.969,120.999,57481
2015.11.09,00:00,120.919,121.799,119.549,119.849,59066
2015.11.10,00:00,117.979,118.059,116.039,116.709,57958
2015.11.11,00:00,115.999,117.399,115.179,115.809,57305
2015.11.12,00:00,115.859,116.809,115.469,115.649,55355
2015.11.13,00:00,115.249,115.599,112.049,112.049,60931
2015.11.16,00:00,110.819,114.229,110.659,114.029,59307
2015.11.17,00:00,114.709,115.029,113.309,113.729,54411
2015.11.18,00:00,115.369,117.469,115.289,117.299,55643
2015.11.19,00:00,117.159,119.739,116.769,118.699,57877
2015.11.20,00:00,118.759,119.909,118.679,119.299,52301
2015.11.23,00:00,119.629,119.709,117.319,117.799,51661
2015.11.24,00:00,117.009,119.329,116.929,118.669,58367
2015.11.25,00:00,118.989,119.199,117.889,118.029,45558
2015.11.27,00:00,118.399,118.409,117.519,117.639,26759
2015.11.30,00:00,118.049,119.399,117.679,118.339,50357
2015.12.01,00:00,118.669,118.799,116.829,117.259,53236
2015.12.02,00:00,117.029,118.099,116.059,116.349,57670
2015.12.03,00:00,116.709,116.839,114.199,115.289,68379
2015.12.04,00:00,115.219,119.239,114.979,118.959,66579
2015.12.07,00:00,118.819,119.839,117.789,118.359,62494
2015.12.08,00:00,117.009,118.579,116.719,118.199,63193
2015.12.09,00:00,117.929,118.149,115.059,115.599,70948
2015.12.10,00:00,116.009,116.929,115.489,116.189,63290
2015.12.11,00:00,115.029,115.409,112.829,113.149,36006
2015.12.14,00:00,111.409,112.659,109.789,112.429,31714
2015.12.15,00:00,111.329,112.759,110.229,110.509,30890
2015.12.16,00:00,111.059,111.949,108.769,110.999,53222
2015.12.17,00:00,112.109,112.439,108.619,108.799,51994
2015.12.18,00:00,108.509,109.509,105.669,106.309,53561
2015.12.21,00:00,107.079,107.419,105.559,107.359,48858
2015.12.22,00:00,106.849,107.709,106.419,107.229,46321
2015.12.23,00:00,107.259,108.839,107.219,108.599,41853
2015.12.24,00:00,108.799,108.949,107.919,107.989,21475
2015.12.28,00:00,107.539,107.669,106.149,106.799,41322
2015.12.29,00:00,106.979,109.419,106.979,108.699,40665
2015.12.30,00:00,108.619,108.649,107.169,107.279,39261
2015.12.31,00:00,107.179,107.179,104.789,105.219,38034
2016.01.04,00:00,103.159,105.699,101.979,105.539,54320
2016.01.05,00:00,105.139,105.769,102.389,102.509,51777
2016.01.06,00:00,100.389,102.349,99.839,100.739,54030
2016.01.07,00:00,97.899,100.109,95.579,95.849,58060
2016.01.08,00:00,97.579,99.089,96.759,96.919,57423
2016.01.11,00:00,98.369,98.889,97.299,98.379,57026
2016.01.12,00:00,100.209,100.659,98.799,99.739,57261
2016.01.13,00:00,100.479,101.179,97.259,97.389,58873
2016.01.14,00:00,97.299,100.469,95.719,98.519,58187
2016.01.15,00:00,97.449,97.689,95.339,97.129,60503
2016.01.19,00:00,98.559,98.799,95.469,96.409,57088
2016.01.20,00:00,94.719,98.159,93.389,96.599,62448
2016.01.21,00:00,96.989,97.809,94.939,96.299,60094
2016.01.22,00:00,98.349,101.479,97.889,101.429,56389
2016.01.25,00:00,101.129,101.429,99.199,99.449,53189
2016.01.26,00:00,99.809,102.979,96.729,99.529,58098
2016.01.27,00:00,96.939,97.159,93.299,93.479,59729
2016.01.28,00:00,93.859,94.499,92.369,93.599,57291
2016.01.29,00:00,94.169,97.209,94.129,97.039,51629
2016.02.01,00:00,96.279,96.699,95.369,96.339,53242
2016.02.02,00:00,95.389,95.999,94.249,94.729,54279
2016.02.03,00:00,94.909,96.809,94.059,96.249,58274
2016.02.04,00:00,95.289,97.319,94.989,96.319,58459
2016.02.05,00:00,95.979,96.899,93.659,93.999,56852
2016.02.08,00:00,92.509,95.679,92.479,95.179,58456
2016.02.09,00:00,94.119,95.929,93.899,94.749,58395
2016.02.10,00:00,95.829,96.599,94.029,94.159,56954
2016.02.11,00:00,93.349,94.669,92.559,93.569,57633
2016.02.12,00:00,94.019,94.509,92.989,93.789,51076
2016.02.16,00:00,94.909,96.839,94.579,95.999,50125
2016.02.17,00:00,96.039,98.199,95.889,98.179,52886
2016.02.18,00:00,98.529,98.849,96.019,96.239,51927
2016.02.19,00:00,96.049,96.739,95.789,95.929,50064
2016.02.22,00:00,96.309,96.879,95.899,96.659,45950
2016.02.23,00:00,96.289,96.519,94.379,94.539,45822
2016.02.24,00:00,93.769,96.369,93.309,96.109,51019
2016.02.25,00:00,95.929,96.749,94.969,96.499,48246
2016.02.26,00:00,96.999,98.019,96.559,96.909,48339
2016.02.29,00:00,96.669,98.219,96.599,96.759,48880
2016.03.01,00:00,97.289,100.759,97.289,100.629,49770
2016.03.02,00:00,100.479,100.869,99.609,100.699,45665
2016.03.03,00:00,100.599,101.689,100.409,101.499,44211
2016.03.04,00:00,101.779,103.739,101.339,102.949,51013
2016.03.07,00:00,102.989,103.009,100.929,101.799,49683
2016.03.08,00:00,101.019,101.749,100.369,101.049,50904
2016.03.09,00:00,101.519,101.659,100.249,101.109,47432
2016.03.10,00:00,102.009,102.229,100.119,100.199,50788
2016.03.11,00:00,101.899,102.239,101.469,102.169,45709
2016.03.14,00:00,102.029,102.899,101.739,102.399,45605
2016.03.15,00:00,104.029,105.169,103.769,104.509,46928
2016.03.16,00:00,104.549,106.299,104.289,105.149,47381
2016.03.17,00:00,105.269,106.459,104.939,105.819,44940
2016.03.18,00:00,106.269,106.639,105.169,105.659,45677
2016.03.21,00:00,105.609,107.019,105.099,105.889,47835
2016.03.22,00:00,105.559,107.279,105.199,106.499,45447
2016.03.23,00:00,106.549,107.059,105.879,106.129,43672
2016.03.24,00:00,105.679,106.219,104.859,105.629,44031
2016.03.28,00:00,105.899,106.199,104.849,105.099,42233
2016.03.29,00:00,104.949,107.769,104.859,107.659,46067
2016.03.30,00:00,109.059,110.399,108.569,109.479,46145
2016.03.31,00:00,109.349,109.889,108.849,108.989,43384
2016.04.01,00:00,108.909,110.019,108.169,109.989,44073
2016.04.04,00:00,110.839,112.169,110.249,110.929,46358
2016.04.05,00:00,109.659,110.719,109.389,109.859,45436
2016.04.06,00:00,110.409,111.079,109.169,110.889,43541
2016.04.07,00:00,110.319,110.469,108.089,108.529,47245
2016.04.08,00:00,109.419,109.759,108.129,108.579,48287
2016.04.11,00:00,109.019,110.609,108.809,108.899,48218
2016.04.12,00:00,109.349,110.489,108.629,110.269,47866
2016.04.13,00:00,110.929,112.329,110.719,111.929,49096
2016.04.14,00:00,111.319,112.379,111.289,112.099,46209
2016.04.15,00:00,112.009,112.249,109.679,109.749,47134
2016.04.18,00:00,109.019,109.179,106.929,107.269,48455
2016.04.19,00:00,108.009,108.019,106.209,106.779,47118
2016.04.20,00:00,106.849,108.079,106.059,107.049,46045
2016.04.21,00:00,107.449,107.459,105.269,105.299,46548
2016.04.22,00:00,105.309,106.459,104.609,105.599,47261
2016.04.25,00:00,104.989,105.629,104.499,105.099,45264
2016.04.26,00:00,104.219,105.289,96.369,96.539,49200
2016.04.27,00:00,95.949,98.689,95.649,97.779,52382
2016.04.28,00:00,97.499,97.869,94.239,95.119,46975
2016.04.29,00:00,94.749,94.949,92.489,93.759,47380
2016.05.02,00:00,94.109,94.139,92.379,93.749,47292
2016.05.03,00:00,93.719,95.729,93.609,95.119,48379
2016.05.04,00:00,94.859,95.869,93.819,94.179,45687
2016.05.05,00:00,94.049,94.149,92.659,93.159,46098
2016.05.06,00:00,93.139,93.409,91.829,92.579,46598
2016.05.09,00:00,93.019,93.759,92.559,92.689,45248
2016.05.10,00:00,93.039,93.559,92.079,93.309,44509
2016.05.11,00:00,93.099,93.559,92.329,92.329,44500
2016.05.12,00:00,92.589,92.759,89.459,90.159,48275
2016.05.13,00:00,89.899,91.659,89.849,90.499,46755
2016.05.16,00:00,91.809,94.328,91.629,93.818,49829
2016.05.17,00:00,94.539,94.829,93.129,93.649,48521
2016.05.18,00:00,93.859,95.349,93.629,94.759,50353
2016.05.19,00:00,94.639,94.759,93.629,94.219,49814
2016.05.20,00:00,94.249,95.419,94.219,95.159,44929
2016.05.23,00:00,95.829,97.169,95.639,96.259,46498
2016.05.24,00:00,97.019,98.069,96.809,97.949,44109
2016.05.25,00:00,98.529,99.729,98.089,99.549,44292
2016.05.26,00:00,99.579,100.719,98.609,100.419,42865
2016.05.27,00:00,99.739,100.459,99.139,100.039,42551
2016.05.31,00:00,99.609,100.239,98.669,99.689,44983
2016.06.01,00:00,99.449,99.479,98.149,98.179,43071
2016.06.02,00:00,97.619,97.749,96.449,97.459,44944
2016.06.03,00:00,97.639,98.109,97.129,97.799,43986
2016.06.06,00:00,97.719,98.959,97.379,98.409,44279
2016.06.07,00:00,98.899,99.709,98.649,98.829,43282
2016.06.08,00:00,98.859,99.399,98.499,98.679,41857
2016.06.09,00:00,98.469,99.829,98.289,99.349,44461
2016.06.10,00:00,98.879,99.189,98.309,98.689,42143
2016.06.13,00:00,97.919,98.959,96.919,97.049,46193
2016.06.14,00:00,97.019,98.309,96.569,97.189,47251
2016.06.15,00:00,97.559,98.249,96.729,96.859,45872
2016.06.16,00:00,96.159,97.599,95.889,97.359,47896
2016.06.17,00:00,97.029,97.109,94.989,95.109,50801
2016.06.20,00:00,95.919,96.399,94.849,95.009,47454
2016.06.21,00:00,94.999,96.189,94.519,95.679,47932
2016.06.22,00:00,96.359,96.729,95.189,95.409,45924
2016.06.23,00:00,95.789,96.169,95.069,95.899,45043
2016.06.24,00:00,93.409,94.499,92.539,93.309,51870
2016.06.27,00:00,92.729,92.999,91.319,91.669,56713
2016.06.28,00:00,92.959,93.499,91.959,93.439,52084
2016.06.29,00:00,93.899,94.389,93.449,94.259,47549
2016.06.30,00:00,93.899,95.609,93.889,95.229,52084
2016.07.01,00:00,95.409,96.309,95.179,95.779,47071
2016.07.05,00:00,95.039,95.239,94.279,94.849,48081
2016.07.06,00:00,94.319,95.499,94.189,95.289,51622
2016.07.07,00:00,95.499,96.329,95.379,95.649,49541
2016.07.08,00:00,95.679,96.729,95.669,96.409,46604
2016.07.11,00:00,96.989,97.489,96.549,96.739,44377
2016.07.12,00:00,97.229,97.539,96.959,97.269,46304
2016.07.13,00:00,97.359,97.499,96.599,96.619,46188
2016.07.14,00:00,97.129,98.819,96.899,98.619,48583
2016.07.15,00:00,98.439,99.139,98.219,98.319,45601
2016.07.18,00:00,98.859,99.969,98.409,99.579,45528
2016.07.19,00:00,99.229,99.849,99.159,99.709,44686
2016.07.20,00:00,99.929,100.289,99.549,99.839,45631
2016.07.21,00:00,99.889,100.829,98.819,99.019,46933
2016.07.22,00:00,98.849,99.089,98.129,98.269,43733
2016.07.25,00:00,98.249,98.679,96.739,97.249,47105
2016.07.26,00:00,96.929,101.929,95.849,101.699,49464
2016.07.27,00:00,103.709,104.509,102.579,102.889,54042
2016.07.28,00:00,102.749,104.309,102.649,104.279,46273
2016.07.29,00:00,104.179,104.389,103.499,104.059,43195
2016.08.01,00:00,104.629,105.989,104.259,105.879,45694
2016.08.02,00:00,105.589,105.909,103.819,104.309,47546
2016.08.03,00:00,104.569,105.729,104.359,105.629,43246
2016.08.04,00:00,105.329,105.839,105.099,105.549,41134
2016.08.05,00:00,105.899,107.489,105.869,107.209,43194
2016.08.08,00:00,107.649,108.249,106.989,108.149,39812
2016.08.09,00:00,108.349,108.779,107.829,108.429,43180
2016.08.10,00:00,108.629,108.739,107.579,107.819,41842
2016.08.11,00:00,108.179,108.779,107.739,107.829,40516
2016.08.12,00:00,107.939,108.279,107.589,107.949,39134
2016.08.15,00:00,108.209,109.639,107.899,109.569,40223
2016.08.16,00:00,109.559,110.069,109.029,109.249,42996
2016.08.17,00:00,109.079,109.219,108.169,109.069,43936
2016.08.18,00:00,108.849,109.439,108.819,108.929,39257
2016.08.19,00:00,108.789,109.529,108.179,109.219,43437
2016.08.22,00:00,109.139,109.159,107.669,108.349,43418
2016.08.23,00:00,108.479,109.159,108.259,108.669,41180
2016.08.24,00:00,108.739,108.809,107.509,107.729,43067
2016.08.25,00:00,107.399,107.719,106.509,107.409,43968
2016.08.26,00:00,107.129,107.779,106.129,106.769,49660
2016.08.29,00:00,106.709,107.279,106.109,106.339,41448
2016.08.30,00:00,105.459,106.339,105.249,105.619,39220
2016.08.31,00:00,105.829,106.399,105.439,105.899,38922
2016.09.01,00:00,106.139,106.639,105.459,106.429,41461
2016.09.02,00:00,106.659,107.839,106.639,107.449,39451
2016.09.06,00:00,107.859,108.139,107.329,107.539,32863
2016.09.07,00:00,107.699,108.589,106.889,108.199,41677
2016.09.08,00:00,107.639,107.839,105.069,105.299,44463
2016.09.09,00:00,104.839,105.559,102.859,103.019,48228
2016.09.12,00:00,102.459,105.559,102.369,105.279,47721
2016.09.13,00:00,106.319,108.629,106.299,107.779,53005
2016.09.14,00:00,108.569,112.869,108.299,111.529,53084
2016.09.15,00:00,113.199,115.569,113.089,115.139,49678
2016.09.16,00:00,114.899,115.959,113.859,114.819,47513
2016.09.19,00:00,115.219,116.009,113.079,113.389,43443
2016.09.20,00:00,113.059,113.959,112.349,113.229,41448
2016.09.21,00:00,113.999,114.059,112.269,113.429,42859
2016.09.22,00:00,113.839,114.769,113.809,114.459,40241
2016.09.23,00:00,114.159,114.719,111.389,112.259,41794
2016.09.26,00:00,111.549,113.229,111.199,112.659,40301
2016.09.27,00:00,112.759,113.049,112.159,112.849,40564
2016.09.28,00:00,113.569,114.479,113.269,113.679,45509
2016.09.29,00:00,112.999,113.619,111.619,112.069,47941
2016.09.30,00:00,112.429,113.199,111.629,112.649,47084
2016.10.03,00:00,112.859,112.889,112.109,112.389,45085
2016.10.04,00:00,112.399,114.149,112.279,112.809,51966
2016.10.05,00:00,112.959,113.699,112.519,113.259,43857
2016.10.06,00:00,113.259,114.179,112.949,113.759,46938
2016.10.07,00:00,113.649,114.399,113.329,113.799,47897
2016.10.10,00:00,114.989,116.589,114.549,115.949,46620
2016.10.11,00:00,118.019,118.529,116.019,116.199,56091
2016.10.12,00:00,116.519,117.819,116.389,117.109,43951
2016.10.13,00:00,116.439,117.279,115.569,116.799,46107
2016.10.14,00:00,117.349,117.989,116.949,117.489,45340
2016.10.17,00:00,117.599,117.759,116.599,117.099,42531
2016.10.18,00:00,117.989,118.329,117.019,117.139,40872
2016.10.19,00:00,117.259,117.599,116.429,116.999,38362
2016.10.20,00:00,116.629,117.219,116.149,116.939,41320
2016.10.21,00:00,116.839,117.099,116.099,116.339,38939
2016.10.24,00:00,116.929,117.579,116.689,117.499,38053
2016.10.25,00:00,117.909,121.689,114.979,115.739,45168
2016.10.26,00:00,114.499,115.509,113.149,115.249,44741
2016.10.27,00:00,115.439,115.639,113.889,114.069,43070
2016.10.28,00:00,113.999,115.049,113.279,113.489,56932
2016.10.31,00:00,113.319,114.069,113.059,113.329,52962
2016.11.01,00:00,113.269,113.609,110.349,111.289,63156
2016.11.02,00:00,110.939,112.189,110.819,111.379,60089
2016.11.03,00:00,110.699,111.299,109.339,109.469,58997
2016.11.04,00:00,109.289,110.089,107.849,108.749,55861
2016.11.07,00:00,109.949,110.349,109.289,110.219,51299
2016.11.08,00:00,109.999,111.549,109.519,110.879,55788
2016.11.09,00:00,109.889,111.149,107.869,110.899,70025
2016.11.10,00:00,110.819,110.999,105.649,107.479,69590
2016.11.11,00:00,106.959,108.709,106.379,108.269,60922
2016.11.14,00:00,107.999,108.129,103.909,105.419,71463
2016.11.15,00:00,106.049,107.519,105.989,106.919,62481
2016.11.16,00:00,106.369,110.069,106.109,109.629,62867
2016.11.17,00:00,109.849,110.184,108.659,109.659,63497
2016.11.18,00:00,109.609,110.379,109.419,109.839,51447
2016.11.21,00:00,110.119,111.834,109.819,111.599,56621
2016.11.22,00:00,111.719,112.259,111.219,111.609,54551
2016.11.23,00:00,111.369,111.369,110.159,110.989,52712
2016.11.25,00:00,110.949,111.709,110.759,111.609,23300
2016.11.28,00:00,111.279,112.309,111.209,111.349,49860
2016.11.29,00:00,110.829,111.869,109.899,110.869,51091
2016.11.30,00:00,111.229,112.039,110.119,110.389,54768
2016.12.01,00:00,109.999,110.779,108.849,109.309,59978
2016.12.02,00:00,109.119,109.979,108.679,109.839,48883
2016.12.05,00:00,110.159,110.229,108.259,109.129,52688
2016.12.06,00:00,110.059,110.349,109.159,109.869,47252
2016.12.07,00:00,109.169,111.179,109.019,110.849,57348
2016.12.08,00:00,110.699,112.419,110.489,112.049,54230
2016.12.09,00:00,112.069,114.689,112.039,113.849,49551
2016.12.12,00:00,113.369,113.599,112.479,113.229,50504
2016.12.13,00:00,113.509,115.909,113.479,115.229,55369
2016.12.14,00:00,114.869,116.189,114.829,115.209,58680
2016.12.15,00:00,114.849,116.709,114.819,115.749,59202
2016.12.16,00:00,116.219,116.489,115.619,115.969,53853
2016.12.19,00:00,115.879,117.369,115.719,116.559,49942
2016.12.20,00:00,116.789,117.489,116.559,116.869,43775
2016.12.21,00:00,116.749,117.389,116.729,117.039,38940
2016.12.22,00:00,116.899,117.009,115.609,116.199,45366
2016.12.23,00:00,115.809,116.509,115.609,116.479,30549
2016.12.27,00:00,116.709,117.789,116.109,117.239,37245
2016.12.28,00:00,117.639,117.989,116.519,116.599,41343
2016.12.29,00:00,116.639,117.099,116.349,116.609,43286
2016.12.30,00:00,116.999,117.189,115.399,115.819,45025
2017.01.03,00:00,116.149,116.299,114.759,115.999,53973
2017.01.04,00:00,116.009,116.489,115.719,115.999,48389
2017.01.05,00:00,115.799,116.839,115.779,116.669,49817
2017.01.06,00:00,116.319,118.149,116.319,117.889,55550
2017.01.09,00:00,118.029,119.419,117.759,118.899,53010
2017.01.10,00:00,118.899,119.369,118.279,119.049,50976
2017.01.11,00:00,118.889,119.919,118.539,119.699,57746
2017.01.12,00:00,118.959,119.269,118.179,119.129,56357
2017.01.13,00:00,119.089,119.609,118.779,118.989,48352
2017.01.17,00:00,118.589,120.219,118.219,119.909,53778
2017.01.18,00:00,119.989,120.489,119.719,119.919,50727
2017.01.19,00:00,119.490,120.079,119.069,119.839,52489
2017.01.20,00:00,120.059,120.319,119.699,119.989,56011
2017.01.23,00:00,119.699,120.799,119.669,120.039,54048
2017.01.24,00:00,119.479,120.089,119.329,119.999,50078
2017.01.25,00:00,120.159,122.089,120.139,121.849,52016
2017.01.26,00:00,121.649,122.429,121.569,121.939,51783
2017.01.27,00:00,121.949,122.329,121.569,121.709,46581
2017.01.30,00:00,120.909,121.729,120.619,121.609,45725
2017.01.31,00:00,121.309,125.169,119.079,123.949,53742
2017.02.01,00:00,127.099,130.479,126.769,128.899,63987
2017.02.02,00:00,128.399,129.379,127.749,128.199,51411
2017.02.03,00:00,128.249,129.169,128.139,129.049,45183
2017.02.06,00:00,128.719,130.489,128.649,130.259,48759
2017.02.07,00:00,130.439,132.079,130.309,131.429,47414
2017.02.08,00:00,131.509,132.209,131.159,132.059,43503
2017.02.09,00:00,131.549,132.429,131.089,132.299,41928
2017.02.10,00:00,132.159,132.929,132.029,132.109,42549
2017.02.13,00:00,132.530,133.810,132.520,133.210,45216
2017.02.14,00:00,133.080,135.250,133.000,135.250,49889
2017.02.15,00:00,135.620,136.250,134.590,135.520,50647
2017.02.16,00:00,135.220,135.890,134.820,135.260,50952
2017.02.17,00:00,134.850,135.780,134.820,135.690,46560
2017.02.21,00:00,136.190,136.740,135.950,136.600,44209
2017.02.22,00:00,136.430,137.110,136.080,137.060,41367
2017.02.23,00:00,137.300,137.470,136.270,136.450,47376
2017.02.24,00:00,135.410,136.640,135.110,136.640,43574
2017.02.27,00:00,136.870,137.420,136.250,136.750,44049
2017.02.28,00:00,136.920,137.420,136.670,136.960,43275
2017.03.01,00:00,137.750,140.140,137.570,139.700,50530
2017.03.02,00:00,139.990,140.260,138.490,138.930,47635
2017.03.03,00:00,138.600,139.820,138.530,139.720,46641
2017.03.06,00:00,139.330,139.740,138.570,139.360,43516
2017.03.07,00:00,138.990,139.980,138.760,139.470,46986
2017.03.08,00:00,139.080,139.790,138.660,138.970,46938
2017.03.09,00:00,138.460,138.810,137.030,138.690,48103
2017.03.10,00:00,138.980,139.340,138.620,139.140,47413
2017.03.13,00:00,138.710,139.420,138.680,139.170,42588
2017.03.14,00:00,138.890,139.640,138.810,138.980,44068
2017.03.15,00:00,139.150,140.740,138.990,140.420,48145
2017.03.16,00:00,140.690,141.000,140.230,140.660,47497
2017.03.17,00:00,140.660,141.020,139.860,139.900,44078
2017.03.20,00:00,140.240,141.520,140.190,141.430,42865
2017.03.21,00:00,141.980,142.780,139.680,139.710,64316
2017.03.22,00:00,139.390,141.590,139.370,141.180,52296
2017.03.23,00:00,141.220,141.580,140.580,140.770,50696
2017.03.24,00:00,141.100,141.730,140.340,140.630,49130
2017.03.27,00:00,139.550,141.210,138.590,140.910,48624
2017.03.28,00:00,140.840,144.030,140.590,143.620,52086
2017.03.29,00:00,143.570,144.480,143.170,144.150,47723
2017.03.30,00:00,144.100,144.490,143.470,143.850,43460
2017.03.31,00:00,143.750,144.260,142.980,143.670,41327
2017.04.03,00:00,143.500,144.110,143.030,143.670,48795
2017.04.04,00:00,143.180,144.880,143.160,144.830,44733
2017.04.05,00:00,144.600,145.450,143.240,143.500,51367
2017.04.06,00:00,144.050,144.510,143.430,143.620,47399
2017.04.07,00:00,143.380,144.160,143.200,143.340,44266
2017.04.10,00:00,143.620,143.860,142.870,143.100,44117
2017.04.11,00:00,142.910,143.290,140.020,141.400,53937
2017.04.12,00:00,141.430,142.130,140.980,141.760,49336
2017.04.13,00:00,141.590,142.370,141.020,141.110,49029
2017.04.17,00:00,141.700,141.930,140.850,141.800,41033
2017.04.18,00:00,141.490,142.030,141.070,141.220,47489
2017.04.19,00:00,141.800,141.980,140.420,140.720,44074
2017.04.20,00:00,141.220,142.910,140.990,142.390,48973
2017.04.21,00:00,142.450,142.650,141.830,142.250,42525
2017.04.24,00:00,143.700,143.930,143.170,143.660,43530
2017.04.25,00:00,144.010,144.890,143.670,144.420,55609
2017.04.26,00:00,144.530,144.590,143.340,143.710,61983
2017.04.27,00:00,143.740,144.140,143.270,143.660,56759
2017.04.28,00:00,143.860,144.290,143.230,143.600,57844
2017.05.01,00:00,144.510,147.180,144.260,146.660,58293
2017.05.02,00:00,147.200,148.080,144.280,144.350,54899
2017.05.03,00:00,145.800,147.490,144.250,146.400,63355
2017.05.04,00:00,146.730,147.120,145.780,146.350,55713
2017.05.05,00:00,146.700,148.970,146.690,148.940,52700
2017.05.08,00:00,148.800,153.690,148.750,152.920,54734
2017.05.09,00:00,153.590,154.870,153.420,153.910,50059
2017.05.10,00:00,152.880,153.930,152.080,153.210,44805
2017.05.11,00:00,152.560,154.060,152.270,153.800,43055
2017.05.12,00:00,154.590,156.410,154.570,156.070,44973
2017.05.15,00:00,156.470,156.640,155.030,155.600,40228
2017.05.16,00:00,155.960,156.160,154.690,155.360,38225
2017.05.17,00:00,154.070,154.540,149.680,150.340,53594
2017.05.18,00:00,150.570,153.330,150.430,152.380,49630
2017.05.19,00:00,153.850,153.970,152.600,152.990,42010
2017.05.22,00:00,153.480,154.560,152.870,153.990,37744
2017.05.23,00:00,154.750,154.970,153.290,153.700,38850
2017.05.24,00:00,153.700,154.140,152.660,153.300,39378
2017.05.25,00:00,153.700,154.330,153.010,153.780,41312
2017.05.26,00:00,153.300,154.210,153.180,153.560,40587
2017.05.30,00:00,153.300,154.420,153.180,153.600,39120
2017.05.31,00:00,154.040,154.170,152.350,152.870,45680
2017.06.01,00:00,153.300,153.320,152.180,153.070,42499
2017.06.02,00:00,153.380,155.440,152.860,155.340,46387
2017.06.05,00:00,154.200,154.480,153.450,153.920,46287
2017.06.06,00:00,153.370,155.790,153.370,154.430,46544
2017.06.07,00:00,154.850,155.960,154.480,155.200,46120
2017.06.08,00:00,155.640,155.730,154.380,154.820,44742
2017.06.09,00:00,155.150,155.200,146.000,148.620,60167
2017.06.12,00:00,145.680,147.100,142.520,145.310,65695
2017.06.13,00:00,146.870,147.420,145.120,146.630,56188
2017.06.14,00:00,146.870,147.490,143.820,145.060,57951
2017.06.15,00:00,143.150,144.470,142.190,144.280,56620
2017.06.16,00:00,144.400,144.480,142.170,142.230,55387
2017.06.19,00:00,143.690,146.740,143.340,146.310,54019
2017.06.20,00:00,146.480,146.870,144.900,144.990,52303
2017.06.21,00:00,145.250,146.060,144.580,145.800,49817
2017.06.22,00:00,145.820,146.680,145.090,145.560,47275
2017.06.23,00:00,145.410,147.150,145.070,146.260,48355
2017.06.26,00:00,147.030,148.270,145.360,145.860,52757
2017.06.27,00:00,145.210,146.140,143.470,143.590,54118
2017.06.28,00:00,144.080,146.100,143.140,145.800,48946
2017.06.29,00:00,145.130,145.290,142.270,143.440,65488
2017.06.30,00:00,143.900,144.950,143.310,144.030,49323
2017.07.03,00:00,144.500,145.290,143.080,143.540,30255
2017.07.05,00:00,143.950,144.780,142.690,143.910,49173
2017.07.06,00:00,142.930,143.460,142.400,142.490,54634
2017.07.07,00:00,142.900,144.740,142.740,144.150,47238
2017.07.10,00:00,144.480,145.940,143.350,144.990,46662
2017.07.11,00:00,144.350,145.840,144.310,145.470,46530
2017.07.12,00:00,145.590,146.230,144.790,145.380,45922
2017.07.13,00:00,145.400,148.480,145.380,147.760,50139
2017.07.14,00:00,147.450,149.320,147.310,149.030,45163
2017.07.17,00:00,149.150,150.860,148.540,149.730,46115
2017.07.18,00:00,149.210,150.130,148.640,150.130,46938
2017.07.19,00:00,150.240,151.410,149.920,150.770,43243
2017.07.20,00:00,151.350,151.720,150.160,150.340,42823
2017.07.21,00:00,150.000,150.430,148.850,150.300,41510
2017.07.24,00:00,150.220,152.430,149.990,151.700,45682
2017.07.25,00:00,152.360,153.830,151.730,152.730,46522
2017.07.26,00:00,153.220,153.920,153.020,153.520,42823
2017.07.27,00:00,154.010,154.360,147.330,150.340,62237
2017.07.28,00:00,149.400,150.220,149.160,149.460,55956
2017.07.31,00:00,149.980,150.310,148.100,148.680,54659
2017.08.01,00:00,148.920,158.530,148.370,157.810,58919
2017.08.02,00:00,159.920,159.960,156.140,157.140,70002
2017.08.03,00:00,156.760,157.140,155.010,155.630,57024
2017.08.04,00:00,155.860,157.340,155.650,156.310,55676
2017.08.07,00:00,156.900,158.910,156.630,158.720,50190
2017.08.08,00:00,158.590,161.800,158.240,159.770,61133
2017.08.09,00:00,159.000,161.260,158.850,161.130,61740
2017.08.10,00:00,160.290,160.380,154.590,155.020,68867
2017.08.11,00:00,155.320,158.560,155.290,157.450,55546
2017.08.14,00:00,159.000,160.200,158.720,159.900,56513
2017.08.15,00:00,160.420,162.180,160.110,161.480,60404
2017.08.16,00:00,161.710,162.500,160.170,160.910,62534
2017.08.17,00:00,160.330,160.690,157.790,158.040,69718
2017.08.18,00:00,158.530,159.460,156.690,157.520,66517
2017.08.21,00:00,157.590,157.870,155.090,157.070,52270
2017.08.22,00:00,158.000,159.990,157.720,159.850,52580
2017.08.23,00:00,158.970,160.450,158.750,159.800,56906
2017.08.24,00:00,160.580,160.730,158.520,159.250,63749
2017.08.25,00:00,159.890,160.550,159.230,159.850,57482
2017.08.28,00:00,160.190,161.990,159.940,161.410,52075
2017.08.29,00:00,160.080,163.110,159.850,163.000,61277
2017.08.30,00:00,163.470,163.860,162.580,163.280,58745
2017.08.31,00:00,163.600,164.510,163.470,164.080,61510
2017.09.01,00:00,164.640,164.910,163.600,163.990,54856
2017.09.05,00:00,163.230,164.220,160.540,162.220,59793
2017.09.06,00:00,162.570,162.970,160.490,161.600,58607
2017.09.07,00:00,161.750,162.200,160.340,161.160,60752
2017.09.08,00:00,161.090,161.140,158.500,158.610,59161
2017.09.11,00:00,160.530,162.030,159.870,161.350,60039
2017.09.12,00:00,162.620,163.920,158.780,160.820,67329
2017.09.13,00:00,160.200,160.200,157.900,159.590,61638
2017.09.14,00:00,158.900,159.390,158.060,158.130,56041
2017.09.15,00:00,158.500,160.960,157.970,159.850,59765
2017.09.18,00:00,160.070,160.470,157.970,158.600,60937
2017.09.19,00:00,159.410,159.760,158.430,158.680,61971
2017.09.20,00:00,158.420,158.420,153.800,156.050,63684
2017.09.21,00:00,155.990,156.050,152.730,153.260,68622
2017.09.22,00:00,152.250,152.850,150.530,151.720,68131
2017.09.25,00:00,149.940,151.800,149.160,150.750,73261
2017.09.26,00:00,151.700,153.900,151.660,153.200,67588
2017.09.27,00:00,153.530,154.710,153.300,154.100,69471
2017.09.28,00:00,153.700,154.200,152.670,153.310,63818
2017.09.29,00:00,152.900,154.110,151.970,153.990,52825
2017.10.02,00:00,154.310,154.430,152.690,153.710,57262
2017.10.03,00:00,153.800,155.080,153.780,154.500,49495
2017.10.04,00:00,153.520,153.850,152.450,153.490,53166
2017.10.05,00:00,154.110,155.420,153.850,155.340,58989
2017.10.06,00:00,154.790,155.480,154.500,155.290,53150
2017.10.09,00:00,155.850,156.710,155.480,155.700,50368
2017.10.10,00:00,156.020,156.550,155.070,155.690,56510
2017.10.11,00:00,155.790,156.960,155.720,156.470,50341
2017.10.12,00:00,156.280,157.350,155.690,155.810,52476
2017.10.13,00:00,156.340,157.270,156.310,157.000,50769
2017.10.16,00:00,158.210,159.990,157.230,159.890,53899
2017.10.17,00:00,159.680,160.860,159.210,160.380,49049
2017.10.18,00:00,160.740,160.860,159.570,159.690,33286
2017.10.19,00:00,156.880,157.250,154.990,156.000,55015
2017.10.20,00:00,156.590,157.740,155.930,156.190,43108
2017.10.23,00:00,156.600,157.670,155.560,156.050,45027
2017.10.24,00:00,156.200,157.410,156.170,156.810,41817
2017.10.25,00:00,157.210,157.530,155.230,156.470,50036
2017.10.26,00:00,156.990,157.800,156.760,157.740,45713
2017.10.27,00:00,159.540,163.590,158.670,163.000,57992
2017.10.30,00:00,163.630,168.060,163.630,166.750,57401
2017.10.31,00:00,167.820,169.630,166.940,168.880,49074
2017.11.01,00:00,169.370,169.910,165.590,167.070,55431
2017.11.02,00:00,167.890,174.300,165.240,173.610,57431
2017.11.03,00:00,175.390,175.810,171.090,172.450,53306
2017.11.06,00:00,172.610,174.970,171.700,174.100,50479
2017.11.07,00:00,174.190,175.230,173.580,174.710,49954
2017.11.08,00:00,174.370,176.700,174.300,176.660,35947
2017.11.09,00:00,174.920,176.080,173.110,175.890,49845
2017.11.10,00:00,175.290,175.370,174.240,174.640,43505
2017.11.13,00:00,173.900,174.490,173.310,173.860,42039
2017.11.14,00:00,173.710,173.710,170.390,171.050,49961
2017.11.15,00:00,170.420,170.450,168.360,169.220,51595
2017.11.16,00:00,170.570,171.860,170.270,171.150,47380
2017.11.17,00:00,170.870,171.380,169.610,170.020,45721
2017.11.20,00:00,170.520,170.600,169.520,169.890,39962
2017.11.21,00:00,170.580,173.690,170.480,173.000,43449
2017.11.22,00:00,173.500,174.990,173.020,174.900,45109
2017.11.24,00:00,175.180,175.450,174.620,174.940,26464
2017.11.27,00:00,174.620,175.010,173.290,174.080,53858
2017.11.28,00:00,174.310,174.850,171.860,172.980,53547
2017.11.29,00:00,172.990,173.020,167.130,169.190,72978
2017.11.30,00:00,170.680,172.120,168.420,171.640,66875
2017.12.01,00:00,170.470,171.650,168.490,170.960,65219
2017.12.04,00:00,172.320,172.580,169.230,169.560,65677
2017.12.05,00:00,169.650,171.510,168.380,169.560,70540
2017.12.06,00:00,168.050,170.190,166.440,168.790,59476
2017.12.07,00:00,169.620,170.430,168.790,169.370,59329
2017.12.08,00:00,169.860,170.980,168.790,169.310,49427
2017.12.11,00:00,169.390,172.880,168.770,172.670,53369
2017.12.12,00:00,172.400,172.490,171.430,171.650,43289
2017.12.13,00:00,171.620,173.520,171.620,172.310,49072
2017.12.14,00:00,172.410,173.120,171.630,172.350,49940
2017.12.15,00:00,172.550,174.130,172.380,173.850,52954
2017.12.18,00:00,175.000,177.180,174.770,176.390,49335
2017.12.19,00:00,174.880,175.360,174.060,174.330,49380
2017.12.20,00:00,175.010,175.410,173.240,174.260,42631
2017.12.21,00:00,174.500,176.010,174.020,175.150,43033
2017.12.22,00:00,174.700,175.400,174.540,175.030,38431
2017.12.26,00:00,170.520,171.430,169.640,170.520,46275
2017.12.27,00:00,170.630,170.740,169.690,170.560,38295
2017.12.28,00:00,170.850,171.830,170.450,170.670,31425
2017.12.29,00:00,170.930,170.950,169.210,169.270,39838
2018.01.02,00:00,169.990,172.240,169.250,172.090,41108
2018.01.03,00:00,172.500,174.540,171.830,171.850,43686
2018.01.04,00:00,172.750,173.460,172.070,173.160,41074
2018.01.05,00:00,173.540,175.210,173.030,174.950,43982
2018.01.08,00:00,174.530,175.570,173.910,174.170,40778
2018.01.09,00:00,174.600,175.040,173.370,174.020,47565
2018.01.10,00:00,173.150,174.280,172.970,174.080,49174
2018.01.11,00:00,174.630,175.470,174.370,175.240,41227
2018.01.12,00:00,176.310,177.330,175.580,176.980,48792
2018.01.16,00:00,178.270,179.380,176.120,176.190,64553
2018.01.17,00:00,175.300,179.240,175.050,179.130,58689
2018.01.18,00:00,179.080,180.090,178.220,178.850,54887
2018.01.19,00:00,178.810,179.550,177.390,178.450,49192
2018.01.22,00:00,177.380,177.770,176.600,177.090,44262
2018.01.23,00:00,177.590,179.430,176.490,176.650,54763
2018.01.24,00:00,177.590,177.900,173.180,174.180,65992
2018.01.25,00:00,174.900,175.040,170.510,171.300,64700
2018.01.26,00:00,172.080,172.300,170.030,171.400,59291
2018.01.29,00:00,170.290,170.310,167.040,167.900,56798
2018.01.30,00:00,166.010,167.360,164.690,167.050,64970
2018.01.31,00:00,166.550,168.430,166.330,166.560,56353
2018.02.01,00:00,167.130,169.610,162.620,169.380,65705
2018.02.02,00:00,167.290,167.400,160.070,160.400,76020
2018.02.05,00:00,158.700,163.850,155.640,156.000,74545
2018.02.06,00:00,154.490,163.700,153.970,162.800,76674
2018.02.07,00:00,162.540,163.030,158.730,158.860,74000
2018.02.08,00:00,160.470,160.990,155.020,156.030,75003
2018.02.09,00:00,156.270,157.870,150.220,156.080,71416
2018.02.12,00:00,158.860,163.880,156.980,162.830,73980
2018.02.13,00:00,162.010,164.740,161.380,164.190,69789
2018.02.14,00:00,164.470,167.860,161.790,167.840,70179
2018.02.15,00:00,169.040,173.160,168.840,173.090,73189
2018.02.16,00:00,172.440,174.810,171.750,172.450,69760
2018.02.20,00:00,171.730,174.250,171.390,171.720,65008
2018.02.21,00:00,173.060,174.110,170.500,170.800,63309
2018.02.22,00:00,171.600,173.940,171.530,172.880,63028
2018.02.23,00:00,173.500,175.640,173.220,175.540,55876
2018.02.26,00:00,176.260,179.370,176.210,178.970,58679
2018.02.27,00:00,178.490,180.460,178.120,178.350,71592
2018.02.28,00:00,179.010,180.610,178.020,178.440,67677
2018.03.01,00:00,177.800,179.760,172.650,175.120,70450
2018.03.02,00:00,172.280,176.290,172.240,176.190,73554
2018.03.05,00:00,175.500,177.730,174.490,176.610,61847
2018.03.06,00:00,177.930,178.240,176.120,176.540,64099
2018.03.07,00:00,175.470,175.820,174.230,174.850,60650
2018.03.08,00:00,175.290,177.100,175.050,176.850,61223
2018.03.09,00:00,176.560,179.970,176.530,179.970,60230
2018.03.12,00:00,180.380,182.380,180.080,181.790,51257
2018.03.13,00:00,181.740,183.480,179.210,179.660,70168
2018.03.14,00:00,180.500,180.800,177.790,178.050,68686
2018.03.15,00:00,178.030,180.190,178.020,178.820,55118
2018.03.16,00:00,178.520,179.100,177.610,177.890,54985
2018.03.19,00:00,177.250,177.430,173.620,175.680,69701
2018.03.20,00:00,175.870,176.760,174.920,175.270,61313
2018.03.21,00:00,175.000,175.240,171.220,171.400,61526
2018.03.22,00:00,170.540,172.650,168.530,168.780,75237
2018.03.23,00:00,169.040,169.910,164.970,164.980,77188
2018.03.26,00:00,168.100,173.090,166.400,172.510,69091
2018.03.27,00:00,173.510,175.130,167.000,168.400,76637
2018.03.28,00:00,167.910,169.990,165.190,166.680,79458
2018.03.29,00:00,167.920,171.740,166.860,168.120,71539
2018.04.02,00:00,167.360,168.930,164.440,166.490,74271
2018.04.03,00:00,167.770,168.720,164.860,168.380,65360
2018.04.04,00:00,164.870,171.990,164.720,171.430,70625
2018.04.05,00:00,172.500,174.220,172.050,172.740,67409
2018.04.06,00:00,170.520,172.470,168.170,168.300,72204
2018.04.09,00:00,170.070,173.030,169.490,169.990,70520
2018.04.10,00:00,172.570,173.960,171.530,172.930,74765
2018.04.11,00:00,171.990,173.920,171.670,172.310,71086
2018.04.12,00:00,173.500,174.980,173.000,174.100,66840
2018.04.13,00:00,174.540,175.830,173.820,174.730,69694
2018.04.16,00:00,175.480,176.240,174.810,175.920,62156
2018.04.17,00:00,176.770,178.930,176.400,178.210,63139
2018.04.18,00:00,178.230,178.810,176.860,177.840,61352
2018.04.19,00:00,174.620,175.350,172.620,172.700,75780
2018.04.20,00:00,171.930,172.050,165.400,165.710,65075
2018.04.23,00:00,166.830,166.950,164.060,165.120,74543
2018.04.24,00:00,165.770,166.320,161.190,163.000,77669
2018.04.25,00:00,162.270,165.410,162.270,164.010,69350
2018.04.26,00:00,163.960,165.700,163.340,164.800,63854
2018.04.27,00:00,164.840,164.920,160.620,162.320,64304
2018.04.30,00:00,163.070,167.240,161.800,165.350,64880
2018.05.01,00:00,166.600,177.810,165.240,175.380,80051
2018.05.02,00:00,176.420,177.740,173.770,176.360,69975
2018.05.03,00:00,175.740,177.480,174.420,176.920,77973
2018.05.04,00:00,178.750,184.230,178.070,183.810,76952
2018.05.07,00:00,184.910,187.660,184.720,185.000,68263
2018.05.08,00:00,184.520,186.200,183.650,185.890,74011
2018.05.09,00:00,186.620,187.480,185.180,187.360,69378
2018.05.10,00:00,187.490,190.360,187.230,189.510,63571
2018.05.11,00:00,189.440,190.040,187.420,188.570,62295
2018.05.14,00:00,188.990,189.500,187.830,188.000,69203
2018.05.15,00:00,187.500,187.500,185.070,186.230,79625
2018.05.16,00:00,186.180,188.440,185.470,188.060,71436
2018.05.17,00:00,187.550,188.890,186.320,186.780,68242
2018.05.18,00:00,187.010,187.800,186.090,186.300,65890
2018.05.21,00:00,187.850,189.260,186.880,187.470,63055
2018.05.22,00:00,188.300,188.870,186.750,187.250,72401
2018.05.23,00:00,185.910,188.490,185.720,188.230,78658
2018.05.24,00:00,188.220,188.850,186.180,188.050,71769
2018.05.25,00:00,188.150,189.640,187.580,188.580,73638
2018.05.29,00:00,188.000,188.730,186.850,188.010,86092
2018.05.30,00:00,187.950,187.970,186.750,187.350,75197
2018.05.31,00:00,187.720,188.220,186.110,186.830,81317
2018.06.01,00:00,187.700,190.240,187.470,190.230,71619
2018.06.04,00:00,191.530,193.400,191.250,191.880,59140
2018.06.05,00:00,192.650,193.920,192.330,193.120,65652
2018.06.06,00:00,193.850,194.030,191.920,193.840,64130
2018.06.07,00:00,193.860,194.160,192.310,193.240,74553
2018.06.08,00:00,191.280,191.990,189.770,191.490,66862
2018.06.11,00:00,191.490,191.960,190.180,191.160,52538
2018.06.12,00:00,191.230,192.610,191.120,192.270,51964
2018.06.13,00:00,192.360,192.850,190.440,190.630,49712
2018.06.14,00:00,191.320,191.520,190.190,190.800,53548
2018.06.15,00:00,190.150,190.550,188.260,188.920,57104
2018.06.18,00:00,187.580,189.210,187.170,188.700,54228
2018.06.19,00:00,186.100,186.430,183.420,185.400,64002
2018.06.20,00:00,186.600,187.190,185.700,186.480,53818
2018.06.21,00:00,187.580,188.330,184.940,185.000,57895
2018.06.22,00:00,186.190,186.270,184.790,184.980,53322
2018.06.25,00:00,183.250,184.910,180.700,182.100,68988
2018.06.26,00:00,183.320,186.510,182.510,184.300,65726
2018.06.27,00:00,185.330,187.275,183.990,184.080,67257
2018.06.28,00:00,183.240,186.200,183.220,185.560,67453
2018.06.29,00:00,186.460,187.170,182.950,182.950,60392
2018.07.02,00:00,183.630,187.280,183.050,187.100,60279
2018.07.03,00:00,187.570,187.930,183.600,183.600,34789
2018.07.05,00:00,185.400,186.400,184.260,185.450,55316
2018.07.06,00:00,184.690,188.430,184.570,187.930,55120
2018.07.09,00:00,189.350,190.800,189.220,190.740,52848
2018.07.10,00:00,190.510,191.270,189.210,189.280,54377
2018.07.11,00:00,188.540,189.770,187.640,187.980,57993
2018.07.12,00:00,188.980,191.400,188.980,190.820,54182
2018.07.13,00:00,190.940,191.820,190.730,191.330,51154
2018.07.16,00:00,191.620,192.630,189.600,189.850,49446
2018.07.17,00:00,189.950,191.860,189.190,191.430,52195
2018.07.18,00:00,191.850,192.150,189.900,190.190,47343
2018.07.19,00:00,189.750,192.540,189.670,192.070,55761
2018.07.20,00:00,191.570,192.430,190.190,191.120,52065
2018.07.23,00:00,191.000,192.010,189.530,191.560,45727
2018.07.24,00:00,192.520,193.650,191.980,192.880,54583
2018.07.25,00:00,192.550,194.800,192.400,194.250,49271
2018.07.26,00:00,194.300,195.950,193.330,194.330,51361
2018.07.27,00:00,194.610,195.090,190.100,190.980,60212
2018.07.30,00:00,191.840,192.190,189.040,189.980,58089
2018.07.31,00:00,190.530,196.560,189.320,195.640,60604
2018.08.01,00:00,198.650,201.850,197.290,201.640,65572
2018.08.02,00:00,200.600,208.370,200.210,207.420,66430
2018.08.03,00:00,207.000,208.720,205.460,207.980,57733
2018.08.06,00:00,208.020,209.240,207.060,208.990,53379
2018.08.07,00:00,209.350,209.480,206.730,207.090,57054
2018.08.08,00:00,206.340,207.790,204.570,206.920,50299
2018.08.09,00:00,207.180,209.770,206.970,208.780,46113
2018.08.10,00:00,207.520,209.070,206.650,207.510,51951
2018.08.13,00:00,207.740,210.940,207.400,208.920,59108
2018.08.14,00:00,209.850,210.550,208.220,209.750,48838
2018.08.15,00:00,208.590,210.720,208.150,210.390,65034
2018.08.16,00:00,211.600,213.800,211.220,212.770,56619
2018.08.17,00:00,212.890,217.930,212.790,217.640,59227
2018.08.20,00:00,217.910,219.150,215.070,215.220,50016
2018.08.21,00:00,216.520,217.180,214.020,214.270,51508
2018.08.22,00:00,214.320,216.340,213.830,215.000,44021
2018.08.23,00:00,214.780,217.040,214.520,215.500,51668
2018.08.24,00:00,216.340,216.860,215.080,216.170,50414
2018.08.27,00:00,217.040,218.710,216.310,217.920,53613
2018.08.28,00:00,219.020,220.530,218.630,219.780,52375
2018.08.29,00:00,219.850,223.330,219.370,223.220,64741
2018.08.30,00:00,223.590,228.230,222.370,225.020,67904
2018.08.31,00:00,226.150,228.840,225.800,227.520,64628
2018.09.04,00:00,227.900,229.170,226.600,228.360,61218
2018.09.05,00:00,227.930,229.630,225.070,226.880,62135
2018.09.06,00:00,227.600,227.650,221.290,223.050,65285
2018.09.07,00:00,223.080,225.350,220.740,221.410,64700
2018.09.10,00:00,222.290,222.430,216.480,218.130,65937
2018.09.11,00:00,218.390,224.290,216.530,224.040,62041
2018.09.12,00:00,224.820,224.940,219.810,221.030,65026
2018.09.13,00:00,222.680,228.340,222.500,226.610,58299
2018.09.14,00:00,227.040,227.050,222.500,223.660,52280
2018.09.17,00:00,221.600,222.900,217.230,217.800,57116
2018.09.18,00:00,218.460,221.750,217.120,218.100,52085
2018.09.19,00:00,218.130,219.600,215.270,218.610,51463
2018.09.20,00:00,219.980,222.250,219.180,220.230,46045
2018.09.21,00:00,220.280,221.350,217.260,217.650,50010
2018.09.24,00:00,216.680,221.210,216.480,220.910,57543
2018.09.25,00:00,220.190,222.800,219.000,222.110,45589
2018.09.26,00:00,221.990,223.730,219.830,220.420,52166
2018.09.27,00:00,223.580,226.430,223.210,224.800,52038
2018.09.28,00:00,224.230,225.820,223.990,225.750,51621
2018.10.01,00:00,227.900,229.400,226.340,227.250,58316
2018.10.02,00:00,227.100,229.990,226.480,229.210,56708
2018.10.03,00:00,230.110,233.440,229.760,231.720,61570
2018.10.04,00:00,230.490,232.320,226.760,228.240,64838
2018.10.05,00:00,227.160,228.500,220.560,224.220,65714
2018.10.08,00:00,224.100,224.770,220.180,223.950,68996
2018.10.09,00:00,222.240,227.260,222.210,226.250,64971
2018.10.10,00:00,225.970,226.280,214.470,214.550,70285
2018.10.11,00:00,214.160,219.430,212.290,215.380,78625
2018.10.12,00:00,219.300,222.850,216.800,222.080,68707
2018.10.15,00:00,221.650,221.770,216.970,217.000,62414
2018.10.16,00:00,218.920,223.170,216.740,222.840,61423
2018.10.17,00:00,221.790,222.600,219.310,221.180,62994
2018.10.18,00:00,219.020,219.720,214.870,216.200,71836
2018.10.19,00:00,218.610,221.230,217.400,219.240,61514
2018.10.22,00:00,220.690,223.320,218.530,220.520,67432
2018.10.23,00:00,216.360,223.250,214.670,223.140,73658
2018.10.24,00:00,222.150,224.190,214.510,217.020,72472
2018.10.25,00:00,218.350,221.350,216.740,217.030,65859
2018.10.26,00:00,215.850,220.150,212.660,216.110,69074
2018.10.29,00:00,219.350,219.710,206.990,211.800,76839
2018.10.30,00:00,213.040,215.120,209.240,214.100,76576
2018.10.31,00:00,215.780,220.430,215.590,218.700,74848
2018.11.01,00:00,219.730,223.420,210.580,212.990,70544
2018.11.02,00:00,208.070,213.560,205.410,206.670,73738
2018.11.05,00:00,203.810,204.430,198.170,201.530,63939
2018.11.06,00:00,200.580,204.680,200.570,204.000,63359
2018.11.07,00:00,205.960,209.980,204.100,209.560,60423
2018.11.08,00:00,209.140,210.070,206.740,207.750,63198
2018.11.09,00:00,205.810,205.980,202.230,204.490,66118
2018.11.12,00:00,199.500,199.900,192.970,193.550,71630
2018.11.13,00:00,192.420,197.160,191.140,192.610,70670
2018.11.14,00:00,192.400,194.480,185.950,187.620,66625
2018.11.15,00:00,188.210,191.930,186.860,190.690,68421
2018.11.16,00:00,189.520,194.940,189.220,193.480,64092
2018.11.19,00:00,190.140,190.670,184.990,185.850,69072
2018.11.20,00:00,180.970,181.410,175.510,176.700,69604
2018.11.21,00:00,179.190,180.240,176.470,176.590,50514
2018.11.23,00:00,175.340,176.550,172.110,172.280,29510
2018.11.26,00:00,174.230,174.920,170.240,171.510,53381
2018.11.27,00:00,171.290,174.760,170.860,174.610,60870
2018.11.28,00:00,175.970,181.480,174.910,181.290,66597
2018.11.29,00:00,181.650,182.770,177.680,179.190,61549
2018.11.30,00:00,178.980,180.290,177.000,178.600,52636
2018.12.03,00:00,184.530,184.930,181.170,184.110,62866
2018.12.04,00:00,181.110,182.370,176.230,176.380,60994
2018.12.06,00:00,172.600,174.760,170.410,174.600,66832
2018.12.07,00:00,173.900,175.120,168.300,168.380,68244
2018.12.10,00:00,167.670,170.250,163.720,170.030,74126
2018.12.11,00:00,171.640,171.950,166.960,168.230,62289
2018.12.12,00:00,169.870,171.910,168.870,169.040,61176
2018.12.13,00:00,169.910,172.520,169.540,170.370,57577
2018.12.14,00:00,168.710,169.400,165.250,165.380,60244
2018.12.17,00:00,164.960,168.320,162.690,163.980,64163
2018.12.18,00:00,165.390,167.510,164.360,164.760,57021
2018.12.19,00:00,166.180,167.420,159.120,160.930,62332
2018.12.20,00:00,160.900,162.040,155.370,157.820,68950
2018.12.21,00:00,157.420,158.130,149.580,150.780,70325
2018.12.24,00:00,149.200,151.500,146.580,146.590,35414
2018.12.26,00:00,148.030,157.190,146.700,156.300,68819
2018.12.27,00:00,155.250,156.770,150.040,156.050,74287
2018.12.28,00:00,157.000,158.470,154.510,156.180,68196
2018.12.31,00:00,157.500,159.320,156.480,157.930,61021
2019.01.02,00:00,154.500,158.830,144.480,146.090,63648
2019.01.03,00:00,145.230,145.700,141.970,142.500,75000
2019.01.04,00:00,144.050,148.530,143.570,148.280,67367
2019.01.07,00:00,148.060,148.790,145.880,147.760,65662
2019.01.08,00:00,148.380,151.800,148.280,150.550,64405
2019.01.09,00:00,151.420,154.520,149.610,152.880,69449
2019.01.10,00:00,152.180,153.960,150.870,153.800,66931
2019.01.11,00:00,152.900,153.650,151.480,152.210,60900
2019.01.14,00:00,150.740,151.290,149.190,149.870,58072
2019.01.15,00:00,150.280,153.370,149.970,152.870,59364
2019.01.16,00:00,153.060,155.860,152.600,153.990,64196
2019.01.17,00:00,153.990,157.620,153.250,155.650,58365
2019.01.18,00:00,156.950,157.840,155.970,156.800,61794
2019.01.22,00:00,155.800,156.670,152.650,153.150,64337
2019.01.23,00:00,154.000,155.120,151.680,153.880,66987
2019.01.24,00:00,154.560,154.580,151.720,152.440,63776
2019.01.25,00:00,154.120,158.120,154.120,157.670,56864
2019.01.28,00:00,156.250,156.490,153.650,155.920,62867
2019.01.29,00:00,156.470,161.620,150.980,160.540,66595
2019.01.30,00:00,161.680,166.110,160.220,165.660,70344
2019.01.31,00:00,166.100,168.980,164.530,166.770,62821
2019.02.01,00:00,166.100,168.960,165.900,166.130,51990
